user_01GW2HQV33SZMPDF1GK8MDC5E1,perm_01GW2HKXRSC8SCA9WXYYM612RS,t,orgn_01GVH3V3SYFJEYC2Y8QZ28V9FQ,2023-03-21 17:00:56.475,2023-03-21 17:00:56.475,2023-03-21 17:00:56.475
user_01GW2HQV31CWVGM950GG3JVA8G,perm_01GW2HKXRSC8SCA9WXYYM612RS,t,orgn_01GVH3V3WD3ABJMNJN1KQ10DC4,2023-03-21 17:00:56.475,2023-03-21 17:00:56.475,2023-03-21 17:00:56.475
user_01GW2HQV32FVRXF2Q3TWW66HAB,perm_01GW2HKXRSC8SCA9WXYYM612RS,t,orgn_01GVH3V442E4QSM849J47CJWDJ,2023-03-21 17:00:56.475,2023-03-21 17:00:56.475,2023-03-21 17:00:56.475
user_01GW2HQV2MCN10Z8KC36WAHG8J,perm_01GW2HKXRSC8SCA9WXYYM612RS,t,orgn_01GVH3V44AQG32G6119BCJDTX0,2023-03-21 17:00:56.475,2023-03-21 17:00:56.475,2023-03-21 17:00:56.475
user_01GW2HQV2KKD3NZKPC2GT0M2AA,perm_01GW2HKXRSC8SCA9WXYYM612RS,t,orgn_01GVH3V43VTXXF9FET8M5J2GNA,2023-03-21 17:00:56.475,2023-03-21 17:00:56.475,2023-03-21 17:00:56.475
user_01GW2HQV2J08P4R6V41C73FK2B,perm_01GW2HKXRSC8SCA9WXYYM612RS,t,orgn_01GVH3V41W6A3GVMTZK4FB5EXX,2023-03-21 17:00:56.475,2023-03-21 17:00:56.475,2023-03-21 17:00:56.475
user_01GW2HQV2DJ1NSYBSZA47V8KS9,perm_01GW2HKXRSC8SCA9WXYYM612RS,t,orgn_01GVH3V47HGS4GDE12DKGF30CM,2023-03-21 17:00:56.475,2023-03-21 17:00:56.475,2023-03-21 17:00:56.475
user_01GW2HQV2ZJAQ23A8G9XXH8TSH,perm_01GW2HKXRSC8SCA9WXYYM612RS,t,orgn_01GVH3V47HGS4GDE12DKGF30CM,2023-03-21 17:00:56.475,2023-03-21 17:00:56.475,2023-03-21 17:00:56.475
user_01GW2HQV2N24P2W9ZXB1XPC8YS,perm_01GW2HKXRSC8SCA9WXYYM612RS,t,orgn_01GVH3V4AW9BWF8KFC9D8JM5YG,2023-03-21 17:00:56.475,2023-03-21 17:00:56.475,2023-03-21 17:00:56.475
user_01GW2HQV3HT4SVV3K82HMZQZV4,perm_01GW2HKXRSC8SCA9WXYYM612RS,t,orgn_01GVH3V482MG94MXN94WFDXECK,2023-03-21 17:00:56.475,2023-03-21 17:00:56.475,2023-03-21 17:00:56.475
user_01GW2HQV2NSKXB0FR52CJQANNP,perm_01GW2HKXRSC8SCA9WXYYM612RS,t,orgn_01GVH3V494X67V1T7YQFHJRFXJ,2023-03-21 17:00:56.475,2023-03-21 17:00:56.475,2023-03-21 17:00:56.475
user_01GW2HQV3NJNSYZFB4BY3APEET,perm_01GW2HKXRSC8SCA9WXYYM612RS,t,orgn_01GVH3V494X67V1T7YQFHJRFXJ,2023-03-21 17:00:56.475,2023-03-21 17:00:56.475,2023-03-21 17:00:56.475
user_01GW2HQV2FZ5ERKPZED3F0FYJV,perm_01GW2HKXRSC8SCA9WXYYM612RS,t,orgn_01GVH3V48ATXY28B5A7SF3CMRQ,2023-03-21 17:00:56.475,2023-03-21 17:00:56.475,2023-03-21 17:00:56.475
user_01GW2HQV2JZGAMNEPGKSAMET6S,perm_01GW2HKXRSC8SCA9WXYYM612RS,t,orgn_01GVH3V4AHNHVCPWYCD6QJG21T,2023-03-21 17:00:56.475,2023-03-21 17:00:56.475,2023-03-21 17:00:56.475
user_01GW2HQV2J8P6EERQWXCD7Y12T,perm_01GW2HKXRSC8SCA9WXYYM612RS,t,orgn_01GVH3V4DSGNWFE9RY815CSKXS,2023-03-21 17:00:56.475,2023-03-21 17:00:56.475,2023-03-21 17:00:56.475
user_01GW2HQV2XZ16TF4EWYF2WW45Z,perm_01GW2HKXRSC8SCA9WXYYM612RS,t,orgn_01GVH3V4E3GW5XDYFTD0PC3ZW0,2023-03-21 17:00:56.475,2023-03-21 17:00:56.475,2023-03-21 17:00:56.475
user_01GW2HQV3KR33YPM96PRYYF631,perm_01GW2HKXRSC8SCA9WXYYM612RS,t,orgn_01GVH3V4RKER5DKFVAZ4GPRK1J,2023-03-21 17:00:56.475,2023-03-21 17:00:56.475,2023-03-21 17:00:56.475
user_01GW2HQV3N9F7F0TN2XT9JEAB9,perm_01GW2HKXRSC8SCA9WXYYM612RS,t,orgn_01GVH3V4RKER5DKFVAZ4GPRK1J,2023-03-21 17:00:56.475,2023-03-21 17:00:56.475,2023-03-21 17:00:56.475
user_01GW2HQV3RDZ6KHTKX7XQVKW6E,perm_01GW2HKXRSC8SCA9WXYYM612RS,t,orgn_01GVH3V4RBC6C6NYVKBDPBCPG0,2023-03-21 17:00:56.475,2023-03-21 17:00:56.475,2023-03-21 17:00:56.475
user_01GW2HQV3MAY7GF6GCAVM87FZP,perm_01GW2HKXRSC8SCA9WXYYM612RS,t,orgn_01GVH3V4PKPZRT2C9N1DATHNAC,2023-03-21 17:00:56.475,2023-03-21 17:00:56.475,2023-03-21 17:00:56.475
user_01GW2HQV3KV37V1GSJDMK3G4KB,perm_01GW2HKXRSC8SCA9WXYYM612RS,t,orgn_01GVH3V4WEC8V4WZR21JKQRFB4,2023-03-21 17:00:56.475,2023-03-21 17:00:56.475,2023-03-21 17:00:56.475
user_01GW2HQV2ZB9M5CNZNFSNT8TCY,perm_01GW2HKXRSC8SCA9WXYYM612RS,t,orgn_01GVH3V4YS1H7KYJQHETXH285V,2023-03-21 17:00:56.475,2023-03-21 17:00:56.475,2023-03-21 17:00:56.475
user_01GW2HQV2MNS2PWATVF2JGCNF0,perm_01GW2HKXRSC8SCA9WXYYM612RS,t,orgn_01GVH3V4Y77VAXMV79YKHXG1CD,2023-03-21 17:00:56.475,2023-03-21 17:00:56.475,2023-03-21 17:00:56.475
user_01GW2HQV304JS71RE0HPA1HREZ,perm_01GW2HKXRSC8SCA9WXYYM612RS,t,orgn_01GVH3V51XARQPFDSV999FTHPS,2023-03-21 17:00:56.475,2023-03-21 17:00:56.475,2023-03-21 17:00:56.475
user_01GW2HQV3MPEH6D77W5F8W4311,perm_01GW2HKXRSC8SCA9WXYYM612RS,t,orgn_01GVH3V4WTC6APJ5ZRYSZW9F0M,2023-03-21 17:00:56.475,2023-03-21 17:00:56.475,2023-03-21 17:00:56.475
user_01GW2HQV473C9SZA51K31Y9PCN,perm_01GW2HKXRSC8SCA9WXYYM612RS,t,orgn_01GVH3V5CE715PNVM68B55M385,2023-03-21 17:00:56.475,2023-03-21 17:00:56.475,2023-03-21 17:00:56.475
user_01GW2HQV31MVQ3GGS62Q9847Z0,perm_01GW2HKXRSC8SCA9WXYYM612RS,t,orgn_01GVH3V5FATRTBAD41B9P3YJ7R,2023-03-21 17:00:56.475,2023-03-21 17:00:56.475,2023-03-21 17:00:56.475
user_01GW2HQV33BQP5GAQEMEVWA7CJ,perm_01GW2HKXRSC8SCA9WXYYM612RS,t,orgn_01GVH3V5GYEFSMT88NJK5JSABA,2023-03-21 17:00:56.475,2023-03-21 17:00:56.475,2023-03-21 17:00:56.475
user_01GW2HQV302T2891BN7J5893Q3,perm_01GW2HKXRSC8SCA9WXYYM612RS,t,orgn_01GVH3V5KTFA5XG8AQVQ53TFGG,2023-03-21 17:00:56.475,2023-03-21 17:00:56.475,2023-03-21 17:00:56.475
user_01GW2HQV3WCSNH77S4ZDE6R70Q,perm_01GW2HKXRSC8SCA9WXYYM612RS,t,orgn_01GVH3V617GEVYAWK66M05864C,2023-03-21 17:00:56.475,2023-03-21 17:00:56.475,2023-03-21 17:00:56.475
user_01GW2HQV3D5TN6APCFSB8WEQD1,perm_01GW2HKXRSC8SCA9WXYYM612RS,t,orgn_01GVH3V61FAZQGQ1ZDGBXVD79V,2023-03-21 17:00:56.475,2023-03-21 17:00:56.475,2023-03-21 17:00:56.475
user_01GW2HQV2P0JFB0478VDNDH829,perm_01GW2HKXRSC8SCA9WXYYM612RS,t,orgn_01GVH3V5WGRBHYTHXT9YWEEKB4,2023-03-21 17:00:56.475,2023-03-21 17:00:56.475,2023-03-21 17:00:56.475
user_01GW2HQV2M7B654KQ7DNMQCKFQ,perm_01GW2HKXRSC8SCA9WXYYM612RS,t,orgn_01GVH3V697M9R5Y4NNH94JFRZ0,2023-03-21 17:00:56.475,2023-03-21 17:00:56.475,2023-03-21 17:00:56.475
user_01GW2HQV2THX232YR3N6EXYH0P,perm_01GW2HKXRSC8SCA9WXYYM612RS,t,orgn_01GVH3V6AE8K360A4XJ1QX3H6P,2023-03-21 17:00:56.475,2023-03-21 17:00:56.475,2023-03-21 17:00:56.475
user_01GW2HQV31V40KMJHHKMS19C0Y,perm_01GW2HKXRSC8SCA9WXYYM612RS,t,orgn_01GVH3V6R2VRZV05A60CAD0DT2,2023-03-21 17:00:56.475,2023-03-21 17:00:56.475,2023-03-21 17:00:56.475
user_01GW2HQV3168ABNWAVHFV2918Z,perm_01GW2HKXRSC8SCA9WXYYM612RS,t,orgn_01GVH3V6S8WDE2061T5119WSQ4,2023-03-21 17:00:56.475,2023-03-21 17:00:56.475,2023-03-21 17:00:56.475
user_01GW2HQV2PS844WG1MDFJ0VC7R,perm_01GW2HKXRSC8SCA9WXYYM612RS,t,orgn_01GVH3V6WJEDSAJ3QDSWG2J9F0,2023-03-21 17:00:56.475,2023-03-21 17:00:56.475,2023-03-21 17:00:56.475
user_01GW2HQV30G303WJWTG51AA4JV,perm_01GW2HKXRSC8SCA9WXYYM612RS,t,orgn_01GVH3V726KMYN5NAW6V3CAA98,2023-03-21 17:00:56.475,2023-03-21 17:00:56.475,2023-03-21 17:00:56.475
user_01GW2HQV2ZXEHEQXMP2FZB49YJ,perm_01GW2HKXRSC8SCA9WXYYM612RS,t,orgn_01GVH3V72XR3AE5Y4JQ74QDD61,2023-03-21 17:00:56.475,2023-03-21 17:00:56.475,2023-03-21 17:00:56.475
user_01GW2HQV2QZB431GYE1F69CZ26,perm_01GW2HKXRSC8SCA9WXYYM612RS,t,orgn_01GVH3V78D4DDF6ZHRE3YF2G48,2023-03-21 17:00:56.475,2023-03-21 17:00:56.475,2023-03-21 17:00:56.475
user_01GW2HQV2S5XDTDTDB7EFHM3G1,perm_01GW2HKXRSC8SCA9WXYYM612RS,t,orgn_01GVH3V78D4DDF6ZHRE3YF2G48,2023-03-21 17:00:56.475,2023-03-21 17:00:56.475,2023-03-21 17:00:56.475
user_01GW2HQV2R3766MYJ7VF1T34WM,perm_01GW2HKXRSC8SCA9WXYYM612RS,t,orgn_01GVH3V7BFH8YM9WDA2ZYAKMZV,2023-03-21 17:00:56.475,2023-03-21 17:00:56.475,2023-03-21 17:00:56.475
user_01GW2HQV32HKRQXQ5F403VYQM4,perm_01GW2HKXRSC8SCA9WXYYM612RS,t,orgn_01GVH3V7BVC51EZMZXHTR9ZB9X,2023-03-21 17:00:56.475,2023-03-21 17:00:56.475,2023-03-21 17:00:56.475
user_01GW2HQV3R7EH1KBKMZV2DPH28,perm_01GW2HKXRSC8SCA9WXYYM612RS,t,orgn_01GVH3V7R9FM1CTCYZWH2PKNAJ,2023-03-21 17:00:56.475,2023-03-21 17:00:56.475,2023-03-21 17:00:56.475
user_01GW2HQV3MYV20410J20TBPKPQ,perm_01GW2HKXRSC8SCA9WXYYM612RS,t,orgn_01GVH3V7W2GCPXQRG2DH2VNX9F,2023-03-21 17:00:56.475,2023-03-21 17:00:56.475,2023-03-21 17:00:56.475
user_01GW2HQV3KCYR5YR2Z3FYW7YZH,perm_01GW2HKXRSC8SCA9WXYYM612RS,t,orgn_01GVH3V80ZDCJMX93S3KHSV17M,2023-03-21 17:00:56.475,2023-03-21 17:00:56.475,2023-03-21 17:00:56.475
user_01GW2HQV3SJ12V7EA29Y0VFMD2,perm_01GW2HKXRSC8SCA9WXYYM612RS,t,orgn_01GVH3V812S174V64W763F76X7,2023-03-21 17:00:56.475,2023-03-21 17:00:56.475,2023-03-21 17:00:56.475
user_01GW2HQV2XNK7FWTRW7NT34TV7,perm_01GW2HKXRSC8SCA9WXYYM612RS,t,orgn_01GVH3V8C8MZ72TCFSE75HPY40,2023-03-21 17:00:56.475,2023-03-21 17:00:56.475,2023-03-21 17:00:56.475
user_01GW2HQV32HQF5ZCBFWDFSCNTZ,perm_01GW2HKXRSC8SCA9WXYYM612RS,t,orgn_01GVH3V8E1495C61HSGA7ZF860,2023-03-21 17:00:56.475,2023-03-21 17:00:56.475,2023-03-21 17:00:56.475
user_01GW2HQV32MJA9F4RAHQP15P2H,perm_01GW2HKXRSC8SCA9WXYYM612RS,t,orgn_01GVH3V8FTCD6QEVEQCHQH4843,2023-03-21 17:00:56.475,2023-03-21 17:00:56.475,2023-03-21 17:00:56.475
user_01GW2HQV32QN6PQ0WTCWKN3PAH,perm_01GW2HKXRSC8SCA9WXYYM612RS,t,orgn_01GVH3V8TR8J3SNCMTVTTBJWF1,2023-03-21 17:00:56.475,2023-03-21 17:00:56.475,2023-03-21 17:00:56.475
user_01GW2HQV3Y9X693GSWED12PRS7,perm_01GW2HKXRSC8SCA9WXYYM612RS,t,orgn_01GVH3VBDKVCPX5NAVV3A6SVYG,2023-03-21 17:00:56.475,2023-03-21 17:00:56.475,2023-03-21 17:00:56.475
user_01GW2HQV3W94P6M91PJ406S6NB,perm_01GW2HKXRSC8SCA9WXYYM612RS,t,orgn_01GVH3VBEVQ17W8GBYWF74MHJX,2023-03-21 17:00:56.475,2023-03-21 17:00:56.475,2023-03-21 17:00:56.475
user_01H29GA9PNWPHFZS0WJ1KSBMCH,perm_01GW2HKXRSC8SCA9WXYYM612RS,t,orgn_01GVH3V4FSBXDVMDJ7C5NDST52,2023-07-15 04:45:25.181,2023-07-15 04:45:25.181,2023-07-15 04:45:25.181
